record_id,computer_id,snapshot_timestamp,missing_patch_count,critical_missing_patch_count,patch_compliance_score,days_since_last_patch_applied,open_kev_count,source_freshness_flag,last_updated_at,is_anomalous,anomaly_class
2535c458-9db0-d4c8-6bdd-c7631440545f,a27a5efc-e0d1-bf74-ad2b-f5210bb061ce,2024-01-01T00:00:00,3,3,0.76,7.9,0,fresh,2024-01-01T00:00:00,False,
b4f354ae-20a4-6d91-595b-138edb5f8827,a8fae309-7398-6b0c-5b35-642e471dcc40,2024-01-01T00:00:00,5,1,0.858,8.0,0,fresh,2024-01-01T00:00:00,False,
b13a4eff-5283-235f-9cfe-b1024990e2d2,fa4246c9-8f2a-d998-5d1d-a8d02b741ccf,2024-01-01T00:00:00,4,0,0.874,11.9,0,fresh,2024-01-01T00:00:00,False,
d42f099e-75c3-7267-a698-0ea4af066cbb,5303cdea-045d-733d-4e99-28101f368ab4,2024-01-01T00:00:00,2,0,0.813,13.1,0,fresh,2024-01-01T00:00:00,False,
9ab72888-8ca3-3f07-e071-ca868fc8718c,e64dd06d-b114-f785-73f2-ff35b69189b7,2024-01-01T00:00:00,3,0,0.958,9.6,0,fresh,2024-01-01T00:00:00,False,
8a4b6984-0c63-c605-c700-e1e7faa6b2d5,9bd1edf5-2201-db9c-297b-fb6902159822,2024-01-01T00:00:00,2,0,0.736,8.5,0,fresh,2024-01-01T00:00:00,False,
9c107c66-a315-27ff-01ad-1b93180a88d0,f196d519-2a73-2864-d499-b77b27bd6f02,2024-01-01T00:00:00,4,1,0.914,8.5,0,fresh,2024-01-01T00:00:00,False,
4613587d-d4c1-8351-65dd-6716c9c68b85,14585522-3668-4da0-8927-a4c557edcd48,2024-01-01T00:00:00,1,0,0.781,17.3,0,fresh,2024-01-01T00:00:00,False,
acc02417-e41b-f368-87fa-93e126580325,a2bdd449-f040-a340-c668-7accf7a030ca,2024-01-01T00:00:00,5,1,0.929,8.3,0,fresh,2024-01-01T00:00:00,False,
cb9614a4-1de8-e516-253e-444df481292e,afa1fab2-0b8b-fd0e-f2a7-1ef847ba3938,2024-01-01T00:00:00,2,0,0.842,3.0,0,fresh,2024-01-01T00:00:00,False,
2b9d31d3-a039-f369-cf9c-b61ef45cffa6,28014eae-a522-2aed-64f5-1ff03448a1ae,2024-01-01T00:00:00,3,0,0.729,19.9,0,fresh,2024-01-01T00:00:00,False,
5cf6d845-f258-3d14-1652-6f8a1efc4a8c,85373d0f-858f-1f51-9bce-9cccd037f21d,2024-01-01T00:00:00,2,0,0.965,13.3,0,fresh,2024-01-01T00:00:00,False,
a8065843-b4b5-dbf8-8814-45c898b4490a,87f20aaa-eb47-be80-09c3-019b8b8f2f2e,2024-01-01T00:00:00,4,3,0.592,22.3,0,fresh,2024-01-01T00:00:00,False,
6611a9b3-39eb-5e5b-90f5-4b44520c0293,e49bd85e-8598-3983-49a6-17a4ee98f581,2024-01-01T00:00:00,6,2,0.839,8.2,0,fresh,2024-01-01T00:00:00,False,
0b6a0e22-d4c5-b3ca-fce0-6dfe0fdd5f20,3ace98f7-3592-1243-a6b8-f4c33b1739bc,2024-01-01T00:00:00,5,1,0.772,13.7,0,fresh,2024-01-01T00:00:00,False,
9b65597d-ff8e-8299-f5b8-e97b01625757,eed3a30f-9483-821d-47ba-03c9e8df79b0,2024-01-01T00:00:00,0,0,0.841,28.8,0,fresh,2024-01-01T00:00:00,False,
c49e8330-9296-1ea7-7e89-407b6301653d,0f6270de-9da2-0bb4-975d-89f37aaf439c,2024-01-01T00:00:00,1,0,0.971,13.7,0,fresh,2024-01-01T00:00:00,False,
33511f57-f115-6096-ace0-664f3b3a583f,c7a74f55-f2d0-7cce-52da-ba3f99354397,2024-01-01T00:00:00,4,1,0.87,6.0,0,fresh,2024-01-01T00:00:00,False,
1c6f848a-7942-46d2-9534-a5fdaf5d695f,967de686-10f7-e715-bcad-1c8150fe4719,2024-01-01T00:00:00,2,0,0.931,6.8,0,fresh,2024-01-01T00:00:00,False,
d2e3ff48-573e-34f2-f633-87def359bf1c,0cccc156-9cb0-54d9-8e84-532e66064113,2024-01-01T00:00:00,2,0,0.611,16.7,0,fresh,2024-01-01T00:00:00,False,
5df31638-7170-26a3-00d3-b40a451b3dd1,afb85520-66ad-a6d1-8007-f342f53ebe6e,2024-01-01T00:00:00,4,0,0.893,7.6,0,fresh,2024-01-01T00:00:00,False,
3d06f605-13ad-6af9-0c13-62c306042ca4,9241083b-8fd5-ca85-be47-3a7fc47e5a54,2024-01-01T00:00:00,1,0,0.966,12.8,0,fresh,2024-01-01T00:00:00,False,
89f8401c-1ada-3ccd-e18e-fe4ea2627b80,9cc195bd-d79a-7f88-fb77-6a98c516c274,2024-01-01T00:00:00,2,0,0.804,16.8,0,fresh,2024-01-01T00:00:00,False,
8d6a6cb4-fc3e-1dab-07e8-7137d9d9b5be,b8932390-2fd5-3bfd-4b15-177991fed8b4,2024-01-01T00:00:00,1,0,0.985,46.7,0,fresh,2024-01-01T00:00:00,False,
bddd95ab-b253-6594-5876-7d22727595d4,4be72380-b303-acb5-af5f-0d152d95085b,2024-01-01T00:00:00,1,1,0.784,25.3,0,fresh,2024-01-01T00:00:00,False,
f7c582ee-c6d5-9031-8b1b-cd17c991621c,9d70253e-c385-adc7-61dc-dd20eb731609,2024-01-01T00:00:00,2,1,0.974,21.4,0,fresh,2024-01-01T00:00:00,False,
59ff494c-35be-9e81-5488-9fffae386bef,f3b20ad8-e628-0d9c-e8d6-da5b54b97340,2024-01-01T00:00:00,1,1,0.981,27.1,0,fresh,2024-01-01T00:00:00,False,
cca5656c-b292-af0f-fd1b-ccf04879068a,ea027958-6b44-1577-9020-81b11db40c64,2024-01-01T00:00:00,2,1,0.873,12.3,0,fresh,2024-01-01T00:00:00,False,
f0e8639c-1ef7-6cb4-3996-bca10256b7f3,a6594589-d9f6-86ff-5a20-d18b8d596360,2024-01-01T00:00:00,1,0,0.852,6.1,0,fresh,2024-01-01T00:00:00,False,
b0af0881-0432-1e6b-8233-b4af0e0df985,27284339-c30e-78ed-1bb3-988e005594af,2024-01-01T00:00:00,1,1,0.789,14.3,0,fresh,2024-01-01T00:00:00,False,
a52387bf-1a9d-62fa-f2d5-e15bfd948234,9aa9af1b-3ab3-5d77-3d05-971f9e2254ba,2024-01-01T00:00:00,4,0,0.89,12.5,0,fresh,2024-01-01T00:00:00,False,
42d1457e-c35f-dabe-06d0-b633c45c6d8d,cab96b92-da8a-3c12-9e69-1f2381166256,2024-01-01T00:00:00,1,0,0.791,28.2,0,fresh,2024-01-01T00:00:00,False,
d9df0d64-6737-176f-2e20-8d85f9fb6ae9,7d56a8a2-6cdd-f3fb-8e6e-a210dda21e59,2024-01-01T00:00:00,4,1,0.667,3.8,0,fresh,2024-01-01T00:00:00,False,
7a0bc0ed-fea1-6adf-cc87-2f5db1c7f629,58a33b6b-3a27-2395-bd2b-b304095b0ee2,2024-01-01T00:00:00,1,0,0.882,14.2,0,fresh,2024-01-01T00:00:00,False,
9852db8c-d623-4815-5ee5-3bc1276b1164,43725959-e64c-f36a-bb44-bf945348a5f8,2024-01-01T00:00:00,2,0,0.923,48.1,0,fresh,2024-01-01T00:00:00,False,
662a2510-5fd3-9688-6d64-9fe8c9692d5e,38a16504-5e99-5376-5d96-0a234c14c2fb,2024-01-01T00:00:00,3,1,0.638,13.0,0,fresh,2024-01-01T00:00:00,False,
6f45e4d4-17d0-6ac7-1e79-d475f942d209,d314a2ca-67a1-b307-5669-1a214d755d53,2024-01-01T00:00:00,1,0,0.834,8.2,0,fresh,2024-01-01T00:00:00,False,
784d62ed-21bb-60e0-3233-c4b2b7f92d77,9e53f5ce-d872-7b57-9570-f57814854109,2024-01-01T00:00:00,2,0,0.901,64.3,0,fresh,2024-01-01T00:00:00,False,
9055801c-2970-76a3-2dfd-b6b49fa10eca,f4f2de82-afe1-7453-4f24-7cc744843632,2024-01-01T00:00:00,1,0,0.85,31.3,0,fresh,2024-01-01T00:00:00,False,
805d8ceb-55bc-658d-e6e5-5c2e7b7b0d3e,15a5ec59-cd22-1db3-7ed6-d7d7161feef4,2024-01-01T00:00:00,0,0,0.848,12.8,0,fresh,2024-01-01T00:00:00,False,
323107ea-3b2c-0b68-82c8-6c43e0b83d02,73b20cb4-0c5e-3ea4-fb63-bd8a3c320b4f,2024-01-01T00:00:00,5,3,0.74,5.7,0,fresh,2024-01-01T00:00:00,False,
95e05dfd-7dfb-a94b-e8c6-bfd1668ec537,9fc06773-6b81-edbc-7c8c-671699f8a450,2024-01-01T00:00:00,3,1,0.814,28.2,0,fresh,2024-01-01T00:00:00,False,
72eca7cc-fc99-bd7b-4d28-a21544ded6b7,48105329-1289-a1a1-856f-703e18524263,2024-01-01T00:00:00,1,0,0.811,12.5,0,fresh,2024-01-01T00:00:00,False,
1a84da6f-f11e-341e-1ce9-31aa0585c9ff,2aebe7cf-edb3-6f9b-0220-1a680e8d4605,2024-01-01T00:00:00,0,0,0.839,16.5,0,fresh,2024-01-01T00:00:00,False,
2b4a7999-5568-28bf-1232-cfb2cd5bbadc,6e5dbdc2-20ca-35bc-b527-a4cfeb8c7d46,2024-01-01T00:00:00,1,1,0.658,20.3,0,fresh,2024-01-01T00:00:00,False,
7f004343-e90c-8f4c-80f4-ca8923ae4a4c,63758f2c-2781-11f1-cc32-bbf06655dbcc,2024-01-01T00:00:00,2,1,0.636,58.6,0,fresh,2024-01-01T00:00:00,False,
6eb946ce-1761-ffa3-3a53-cc866ccf1a24,f74b2264-bb25-3791-0c0b-7a697a7474d1,2024-01-01T00:00:00,5,0,0.949,11.9,0,fresh,2024-01-01T00:00:00,False,
1f95b6a8-9e91-ae7f-ddcd-ec80dc86f702,57edd24a-e620-02b3-8a89-d202c0c3430a,2024-01-01T00:00:00,3,0,0.896,6.0,0,fresh,2024-01-01T00:00:00,False,
eaaae808-466d-b6b1-d140-6f0dc29d9071,9357c5f5-c6fd-d28b-9d97-c57b2bebbc46,2024-01-01T00:00:00,2,0,0.818,14.6,0,fresh,2024-01-01T00:00:00,False,
6ad46367-4c54-4c57-9d4b-753ec86f4058,f995e558-0430-5012-433b-82644c7ef4bd,2024-01-01T00:00:00,2,0,0.973,12.0,0,fresh,2024-01-01T00:00:00,False,
9fe414ce-60e7-888d-538b-1be5f554928e,3bfc9b2b-20b2-44d6-2196-1b04bbcd9391,2024-01-01T00:00:00,2,1,0.902,8.5,0,fresh,2024-01-01T00:00:00,False,
a751c77d-ee36-85d6-99e6-01ebd8644f7f,534387ba-b4ca-a759-31ad-9f591dbe3d43,2024-01-01T00:00:00,3,0,0.977,43.2,0,fresh,2024-01-01T00:00:00,False,
d6db38e3-0d16-f080-e8d5-ce938e19ea9e,87cf8427-aa8c-19d6-bede-f7640fe04a17,2024-01-01T00:00:00,0,0,0.827,4.3,0,fresh,2024-01-01T00:00:00,False,
12788b0f-aea9-150d-a569-8f0fddd81ec0,91b5375e-3a76-a536-2c5c-b5f28f315b62,2024-01-01T00:00:00,1,0,0.929,11.2,0,fresh,2024-01-01T00:00:00,False,
991d74fa-c5da-a4cf-bb85-e0203c29825c,c6a58aad-88da-c497-204b-97d8cece326c,2024-01-01T00:00:00,0,0,0.617,31.3,0,fresh,2024-01-01T00:00:00,False,
7ff3f3d5-0270-d832-aac2-dcb87291cb75,72ff5210-a5b5-249d-884c-1ff13304f8be,2024-01-01T00:00:00,2,0,0.859,15.7,0,fresh,2024-01-01T00:00:00,False,
e467dcda-6564-1098-48f1-e42fb6f741b9,f16beeb5-bfb2-a86e-b715-d0467bacb9f2,2024-01-01T00:00:00,4,0,0.862,4.8,0,fresh,2024-01-01T00:00:00,False,
75a4a0c5-f2df-7e90-7940-75ad7b389557,56d0dd04-bef2-26b6-e510-71ce5912d1a4,2024-01-01T00:00:00,2,0,0.77,8.1,0,fresh,2024-01-01T00:00:00,False,
56a5399c-f7b3-e4f5-acf9-fca11b2b785e,04268a64-7739-da3b-6874-2215d47873cb,2024-01-01T00:00:00,3,0,0.931,7.2,0,fresh,2024-01-01T00:00:00,False,
3e8c6bdd-b755-f1fd-8d59-5bed8a6ffd10,3be71468-82e8-b099-9fbc-a93dc8a54418,2024-01-01T00:00:00,3,0,0.736,57.3,0,fresh,2024-01-01T00:00:00,False,
ccf1450c-4a75-107a-0560-defa4fcc3234,15fec36a-45f1-952e-cbf1-ab4c5203cf80,2024-01-01T00:00:00,1,0,0.876,17.5,0,fresh,2024-01-01T00:00:00,False,
c136f697-3abf-c633-7960-3ed5851b3bb9,54c94561-92ef-1baf-7491-c3c2037f5a9c,2024-01-01T00:00:00,3,0,0.993,80.2,0,fresh,2024-01-01T00:00:00,False,
cfb8899c-763b-6df6-02ac-447953f4f10c,4662c6c0-5c04-ac67-268f-a0055fbb2e79,2024-01-01T00:00:00,5,3,0.315,14.0,1,fresh,2024-01-01T00:00:00,False,
607a42e3-45d3-343e-df96-9143676e92ce,bbf06d60-f6ca-c351-08d7-d2ef4ea5d705,2024-01-01T00:00:00,1,0,0.898,22.5,0,fresh,2024-01-01T00:00:00,False,
c0341180-6213-7700-bd42-dad575185e36,b8c900c9-aaef-63bc-936e-0a78a3f9d3dd,2024-01-01T00:00:00,5,0,0.804,8.8,0,fresh,2024-01-01T00:00:00,False,
8460972a-1713-516b-a5cd-b40e005bec24,aa9dc24c-a534-9a04-25e5-d39a9e47ff4f,2024-01-01T00:00:00,2,1,0.482,2.0,0,fresh,2024-01-01T00:00:00,False,
257665a1-8a62-3f6e-9c75-8f9a9cc4fe8c,accdfe9b-6c11-5302-3c25-1458f721d911,2024-01-01T00:00:00,7,1,0.824,43.3,0,fresh,2024-01-01T00:00:00,False,
de622f35-2d6f-9161-24ea-229389e489bd,a059cb0d-28ba-4942-67f4-e04bad2bf487,2024-01-01T00:00:00,1,0,0.955,49.1,0,fresh,2024-01-01T00:00:00,False,
431e14f1-f1f9-41b7-1c31-7dfd73f6a7ed,4f3ef38a-fb82-9b31-f236-b0354e8ac555,2024-01-01T00:00:00,2,1,0.632,24.3,0,fresh,2024-01-01T00:00:00,False,
1f76573e-bb35-7e73-67a4-efe5caebec82,279f3c9a-61d4-bffd-0f9b-e500562f77b6,2024-01-01T00:00:00,1,0,0.743,10.9,0,fresh,2024-01-01T00:00:00,False,
329925ba-85c8-644a-5e44-361db711f88c,a7723dad-db17-94d9-2aa7-a073e7cf2382,2024-01-01T00:00:00,2,0,1.0,11.0,0,fresh,2024-01-01T00:00:00,False,
f8700a6c-25a8-fbcf-b125-33e0c612f34d,46926b2b-b52d-23f8-4eea-82fb267ecfca,2024-01-01T00:00:00,2,1,0.594,12.9,0,fresh,2024-01-01T00:00:00,False,
fced9867-6b40-9156-a3ba-f4ea763a4f08,a8c1b3bf-6bfb-a5cf-0226-265c877be6e8,2024-01-01T00:00:00,0,0,0.919,10.2,0,fresh,2024-01-01T00:00:00,False,
ddcc6a07-47a2-b593-ee45-390b720ec7f4,5bea3412-1028-f701-72a3-fafa1b82a09f,2024-01-01T00:00:00,3,1,0.891,33.3,0,fresh,2024-01-01T00:00:00,False,
5a6bf645-3b0f-bb36-3fd2-f1e7fdb61c63,3b05e57a-3870-fc97-9b0b-42bee20fe2a2,2024-01-01T00:00:00,4,0,0.907,20.0,0,fresh,2024-01-01T00:00:00,False,
1ac4126b-4366-eba2-b1d7-f93896d8c1a9,2cf5f31d-a57b-fad7-0be7-b38d966f5888,2024-01-01T00:00:00,3,2,0.813,5.2,0,fresh,2024-01-01T00:00:00,False,
82dd6a01-facf-f527-429f-e8585b54eddb,45103654-ce19-6ca2-1d9d-beddd0139da1,2024-01-01T00:00:00,3,1,0.668,25.3,0,fresh,2024-01-01T00:00:00,False,
7b12ec36-2a4f-2779-b655-caeabe91aa95,161ed72e-fee8-eed0-a4c1-5ff7ea861e65,2024-01-01T00:00:00,3,0,0.993,8.6,0,fresh,2024-01-01T00:00:00,False,
82777983-1bcf-5b50-2854-5e1e817db5be,8afdd6f5-af05-a63a-ee7d-ee5775906679,2024-01-01T00:00:00,3,0,0.974,5.4,0,fresh,2024-01-01T00:00:00,False,
593cc4e2-ff9b-41fa-3d49-47aad53078e2,ccde8350-d953-3566-f9a1-fb9876296163,2024-01-01T00:00:00,1,0,0.881,4.4,0,fresh,2024-01-01T00:00:00,False,
830a9c49-f677-8ad0-6be3-fd3381c9db53,16fb533c-7c97-3937-3a5e-5ddd7b370302,2024-01-01T00:00:00,4,0,0.643,19.1,0,fresh,2024-01-01T00:00:00,False,
72ee6645-2f02-6ab8-db35-779d7cf8d823,d0e629e1-12f1-e33a-66d1-dded3592bea5,2024-01-01T00:00:00,2,1,0.787,2.2,1,fresh,2024-01-01T00:00:00,False,
8f6ffa08-fc0f-de2c-7bf8-7f8f11dd9b26,89200cd4-6d43-46e7-5ac9-e6f15e3b9e03,2024-01-01T00:00:00,2,0,0.606,3.5,0,fresh,2024-01-01T00:00:00,False,
bc4c4932-f559-e424-a8f2-4665c51dc867,891c108f-ab37-3848-122f-4ef3bbc74b66,2024-01-01T00:00:00,0,0,0.911,20.2,0,fresh,2024-01-01T00:00:00,False,
9eb0792e-0217-b648-df3d-8339c4d47161,dba2a59e-60f1-fbc8-d596-673e0453d22a,2024-01-01T00:00:00,0,0,0.799,6.3,0,fresh,2024-01-01T00:00:00,False,
8a3575b5-6f59-014b-dd8b-c4057137ace4,f651a424-9aa4-80d2-2107-d9f8831f1272,2024-01-01T00:00:00,1,0,0.969,7.3,0,fresh,2024-01-01T00:00:00,False,
6695d780-c96a-e21b-7956-4f674154f592,494db4ae-56e9-ed6d-3948-1618dc5d3b0d,2024-01-01T00:00:00,5,0,0.97,31.8,0,fresh,2024-01-01T00:00:00,False,
689b3c07-d641-d081-8fd7-f94d60bf33da,3496a06e-09b2-6398-5f5c-cf39c79e8d1a,2024-01-01T00:00:00,3,0,0.982,9.9,0,fresh,2024-01-01T00:00:00,False,
789ae9dd-67e2-eda3-bc50-1e5090151387,9173d4b3-9c14-b962-f277-11ea62c3ecef,2024-01-01T00:00:00,3,0,0.927,3.3,0,fresh,2024-01-01T00:00:00,False,
a0072d14-031e-fa8f-90c9-9df4af5258cf,08e3352c-19eb-3133-a85d-1199309a4bec,2024-01-01T00:00:00,1,0,0.865,9.6,0,fresh,2024-01-01T00:00:00,False,
477f85cd-1d0b-024d-d678-512f0c7355c9,0974a200-1215-8022-2c6c-19748bff5842,2024-01-01T00:00:00,1,0,0.956,19.3,0,fresh,2024-01-01T00:00:00,False,
94f9a7f1-5160-603a-6ca2-ca22980cfe5b,73ccd1af-5914-3299-f0a1-4a5adea6b9f6,2024-01-01T00:00:00,1,0,0.868,11.6,0,fresh,2024-01-01T00:00:00,False,
b91c03b5-3fb0-b217-926b-f0ad3c195507,11c0f77d-a2ec-44e8-9383-e8729a8cd1a3,2024-01-01T00:00:00,2,0,0.936,14.3,0,fresh,2024-01-01T00:00:00,False,
b85db924-6c88-bfee-8436-b23bdf97a118,d55317f0-5bfd-4e40-aa1a-18176a4a91ee,2024-01-01T00:00:00,1,0,0.889,6.4,0,fresh,2024-01-01T00:00:00,False,
2a1028be-ddd4-e095-49ef-133dbce6be61,3c425fa1-be5b-a8e5-cf10-bc95de751794,2024-01-01T00:00:00,2,0,0.838,4.1,0,fresh,2024-01-01T00:00:00,False,
f1ff74d1-ff43-1a79-a8e2-3d779c976362,5290a292-0a06-d822-9a6d-0053195f893e,2024-01-01T00:00:00,1,0,0.913,19.3,0,fresh,2024-01-01T00:00:00,False,
a20f7ab6-f3dc-1a3f-88c6-9cdd606ee29b,ce690b4c-b2dd-970c-5c49-e46e06eeb688,2024-01-01T00:00:00,2,0,0.777,34.5,0,fresh,2024-01-01T00:00:00,False,
63622684-4b49-b7cc-5198-64579f87799c,e41fa449-ca9e-801c-4374-6fc3b06655ef,2024-01-01T00:00:00,1,0,0.991,71.5,0,fresh,2024-01-01T00:00:00,False,
ecc31161-40d2-8099-74f9-8ece0c00b126,d798f6d4-bf53-cdfa-e8f7-e40f7469a024,2024-01-01T00:00:00,1,0,0.962,17.0,0,fresh,2024-01-01T00:00:00,False,
eb4bd0cf-6d9e-6942-1336-23c586ba2ef7,4ac12278-9f9e-9e8f-acb7-3479b997500f,2024-01-01T00:00:00,1,0,0.762,20.6,0,fresh,2024-01-01T00:00:00,False,
7b86384d-f4af-b55d-e42e-7d6a54ed9d56,a6640ff3-8827-88da-7df7-b91dd580d0d3,2024-01-01T00:00:00,1,0,0.772,41.6,0,fresh,2024-01-01T00:00:00,False,
bdc5732f-393d-62c6-9030-5f1d641e5d87,42249d81-f11d-e695-891b-6376e514c4e9,2024-01-01T00:00:00,5,0,0.891,180.0,0,fresh,2024-01-01T00:00:00,False,
df883d19-e49a-010b-8ee2-e87bfc34a84e,9bff731f-b0b9-9ba1-be0f-3e16040c8ef7,2024-01-01T00:00:00,0,0,0.989,9.1,0,fresh,2024-01-01T00:00:00,False,
228a525f-0100-4c7f-41b8-7941a9dbace9,465b9b39-508e-6dc5-5f88-c11c680c7a6e,2024-01-01T00:00:00,2,0,0.969,53.0,0,fresh,2024-01-01T00:00:00,False,
3451b05b-e678-aba8-17ff-adb5ac1d1277,207f841a-c595-d639-dd43-15fdaa768eea,2024-01-01T00:00:00,2,0,0.861,22.6,0,fresh,2024-01-01T00:00:00,False,
7b8c9622-4eb2-ca2d-265c-7c71f865b077,88a7d404-ed6a-9520-9a91-9efd23c4eefd,2024-01-01T00:00:00,4,0,0.884,7.6,0,fresh,2024-01-01T00:00:00,False,
06a0bdf4-2009-5500-c376-a28124a1bde8,4cc336ac-f425-f8d0-cf2d-c699207dd3ba,2024-01-01T00:00:00,3,0,0.819,10.2,0,fresh,2024-01-01T00:00:00,False,
75206e53-c280-7e16-0852-fe9ee77106be,f38fab57-1dda-acbc-1429-e5f5fcaaf07e,2024-01-01T00:00:00,4,0,0.849,11.1,0,fresh,2024-01-01T00:00:00,False,
989d5374-a342-e12f-aed1-f9a7950f694b,6ac1fec3-fab0-207a-adad-0a7295835698,2024-01-01T00:00:00,4,2,0.293,28.7,1,fresh,2024-01-01T00:00:00,False,
66d75298-0f16-3341-ecd5-24e04dcad923,58580128-87dd-917b-fe29-09d7dcc780a6,2024-01-01T00:00:00,3,1,0.726,14.7,0,fresh,2024-01-01T00:00:00,False,
15d031f6-cbf6-3528-ee64-66228be04b6d,652dd762-ee86-b588-267d-8629f83abd5a,2024-01-01T00:00:00,1,0,0.881,9.7,0,fresh,2024-01-01T00:00:00,False,
9a8b8b51-57f7-e293-58f4-b7681610b45e,364ba946-eee9-b0d0-a6a5-9a4b23b156d3,2024-01-01T00:00:00,3,0,0.96,6.9,0,fresh,2024-01-01T00:00:00,False,
a2637d24-2651-437b-acb1-65914d27d880,c12f70f4-cf85-d4cb-643f-4fd8056ee52e,2024-01-01T00:00:00,1,0,0.883,20.2,0,fresh,2024-01-01T00:00:00,False,
25b2e188-6b60-5bf3-4b96-771667c381c3,f9f9b132-c536-404a-aa7d-ad46ba7a9ebc,2024-01-01T00:00:00,4,0,0.952,8.3,0,fresh,2024-01-01T00:00:00,False,
b3a69e7d-89c1-ae53-009e-01efad61418a,f93b3a7b-5932-33f9-87ec-caa505a557dd,2024-01-01T00:00:00,0,0,0.972,30.9,0,fresh,2024-01-01T00:00:00,False,
a027915e-05c4-c167-4679-2c8e1cd5c402,4a7ebaf5-6840-9d2f-68c6-f36f8b13664f,2024-01-01T00:00:00,2,1,0.531,48.7,0,fresh,2024-01-01T00:00:00,False,
4e56eee2-cde0-2b6f-4811-102496349c34,befeb5d0-8632-9e7a-063c-c93983599ce6,2024-01-01T00:00:00,4,1,0.776,24.5,0,fresh,2024-01-01T00:00:00,False,
c6b91af3-de8b-866e-0eb6-a7566830fd2e,e61616f4-ab47-ccad-ad7e-0cb6969068e5,2024-01-01T00:00:00,4,2,0.558,8.0,0,fresh,2024-01-01T00:00:00,False,
dfd2f438-a794-3559-77ad-37ae14c9868c,00cdf924-27f9-6f58-8844-71f584b05cfc,2024-01-01T00:00:00,2,0,0.856,16.3,0,fresh,2024-01-01T00:00:00,False,
33881a31-fbc2-11d9-d8e4-5d29419d89e6,36ad0e60-4b8a-e216-01a9-1b6c6bc3d9e8,2024-01-01T00:00:00,3,0,0.95,25.8,0,fresh,2024-01-01T00:00:00,False,
3f5bfa57-8a64-5abb-bd24-1ab397c11aac,e8c128f0-efe9-6d0c-593e-35486060bac0,2024-01-01T00:00:00,3,0,0.871,11.6,0,fresh,2024-01-01T00:00:00,False,
7a01f5ea-0deb-9ea8-585f-1a1272adbd95,bcb7e785-ef8e-ae33-65d0-685c25a480af,2024-01-01T00:00:00,0,0,0.786,5.1,0,fresh,2024-01-01T00:00:00,False,
de8d696d-2f9d-a604-2f3f-e16c930ac4b3,b5308d10-d559-92df-ef10-24eade3b945e,2024-01-01T00:00:00,1,0,0.844,7.9,0,fresh,2024-01-01T00:00:00,False,
5cbb0a9a-971a-c34e-7938-e9b41bd32f9f,266d435d-bca4-9efd-0d03-e2f6110da327,2024-01-01T00:00:00,2,0,0.891,18.1,0,fresh,2024-01-01T00:00:00,False,
e6039ba1-8516-102f-372a-67029138b01c,bc683fc9-ddd0-a031-88e2-6864d5f78a75,2024-01-01T00:00:00,0,0,0.913,13.4,0,fresh,2024-01-01T00:00:00,False,
318d3111-a65b-df43-a414-7cbd113ab825,67a26f15-d063-000a-b8d3-79226cdb5356,2024-01-01T00:00:00,3,0,0.761,4.6,0,fresh,2024-01-01T00:00:00,False,
3cdb5f1d-8f41-a984-c6ed-43ecf4f88836,6b6e472e-af24-b71b-b232-b2530a44d53f,2024-01-01T00:00:00,1,0,0.702,82.7,0,fresh,2024-01-01T00:00:00,False,
a8340e16-13f0-fbdb-fe48-275eca6d3ae0,b88fc344-29ef-a7a4-448b-8400103b2e97,2024-01-01T00:00:00,2,0,0.806,8.0,0,fresh,2024-01-01T00:00:00,False,
14d9f645-3f20-7b13-e2a9-668a9eef6f1b,05eb198e-d700-a9a2-b1eb-fa74c1a38644,2024-01-01T00:00:00,4,4,0.273,7.7,1,fresh,2024-01-01T00:00:00,False,
fcb7ba8f-acc4-020b-39af-0a554b28ba67,70fddfd5-89be-18b2-a8ff-59c0fc3aab8a,2024-01-01T00:00:00,1,0,0.933,4.6,0,fresh,2024-01-01T00:00:00,False,
c2204f45-c1aa-b01a-d6c4-fa7a048af237,f87c532c-4be4-e1bf-82d7-30c35ed40ba1,2024-01-01T00:00:00,1,1,0.855,3.5,0,fresh,2024-01-01T00:00:00,False,
dd6b01e3-e039-2a52-dd01-26e7d2edfc94,61612152-79c9-70e9-de96-92ad6c967c53,2024-01-01T00:00:00,1,0,0.736,36.5,0,fresh,2024-01-01T00:00:00,False,
f7725e97-dc31-12d8-bde7-b76c61957e20,61193897-1883-059b-a8a8-404b36221e51,2024-01-01T00:00:00,0,0,0.953,33.4,0,fresh,2024-01-01T00:00:00,False,
99071b39-8e6d-d41d-858c-90caf401a653,e908bd3c-cdff-d57b-ade9-6216d9734081,2024-01-01T00:00:00,3,0,0.908,26.6,0,fresh,2024-01-01T00:00:00,False,
31f141e3-def4-c1ee-4577-12074a413aa6,8ade0a9c-d1a3-815d-4e46-1cd9c7584744,2024-01-01T00:00:00,1,0,0.951,16.5,0,fresh,2024-01-01T00:00:00,False,
7059da42-9e46-8965-771f-93362174c1ca,a107720d-ae6c-a98a-b188-6fda1bfa8a4f,2024-01-01T00:00:00,2,1,0.89,26.6,1,fresh,2024-01-01T00:00:00,False,
33b9d500-2ee0-ab41-525c-97093bafdcc7,4c6f3afa-643f-eadd-47e1-67847df2579d,2024-01-01T00:00:00,2,1,0.817,17.5,0,fresh,2024-01-01T00:00:00,False,
d8f5f93d-3f69-c66b-122c-65a87626db40,6709793a-0606-2a3d-e6e0-2e11e3c6b669,2024-01-01T00:00:00,0,0,0.836,88.6,0,fresh,2024-01-01T00:00:00,False,
6a504c1f-b3bd-a237-deda-81a2ad4c89a1,0093585c-f409-1689-4a29-8477688225b7,2024-01-01T00:00:00,2,0,0.874,6.6,0,fresh,2024-01-01T00:00:00,False,
df96dd3f-79e5-fa85-738e-e634443457d4,637b9588-cf5d-5fac-17c2-362c13718000,2024-01-01T00:00:00,1,0,0.964,5.1,0,fresh,2024-01-01T00:00:00,False,
0033b015-6662-0fbb-0bdf-476ec196e873,df165cf4-7f90-5c51-6120-929e0a59c9eb,2024-01-01T00:00:00,4,0,0.919,5.6,0,fresh,2024-01-01T00:00:00,False,
cceba6ed-4a62-dadd-05cc-14c97179cc9d,9a8ad15c-5ac4-9568-4bbe-18fdafb55edc,2024-01-01T00:00:00,1,0,0.846,10.0,0,fresh,2024-01-01T00:00:00,False,
e186ea34-3403-dd88-07fc-deceb315df79,2b8fa544-ceee-b6c9-bd4a-e0a5597866ce,2024-01-01T00:00:00,0,0,0.688,33.2,0,fresh,2024-01-01T00:00:00,False,
158bc473-86ad-e4d5-c27d-81ab84cabd8a,5f74242c-1f48-4a42-be4b-3d1a55c529ee,2024-01-01T00:00:00,2,1,0.692,6.6,0,fresh,2024-01-01T00:00:00,False,
f3c69096-e60b-e08d-6a75-cd775abdfa80,8e7710ee-1218-5210-be5e-27b503b954f8,2024-01-01T00:00:00,1,0,0.701,39.4,0,fresh,2024-01-01T00:00:00,False,
c922ad68-e6ad-3318-b6ae-893fdb9662f0,b9978a86-a4d1-77d1-8a79-74082970d326,2024-01-01T00:00:00,1,0,0.921,35.1,0,fresh,2024-01-01T00:00:00,False,
1484524e-a497-d287-4089-200b6f34af22,7ccf4678-ceff-1c6f-314d-57d3e87b1d7c,2024-01-01T00:00:00,4,1,0.578,13.1,0,fresh,2024-01-01T00:00:00,False,
a554cc68-cc10-077c-e1fe-c2a1a8418d72,bca83bcc-cac7-6427-a0dd-2f66f782ee25,2024-01-01T00:00:00,1,0,0.84,63.4,0,fresh,2024-01-01T00:00:00,False,
09ca03b1-9e06-2dfb-8321-817ada21e68d,7846eb3d-a1d3-2702-2125-b335c145d15f,2024-01-01T00:00:00,2,0,0.879,11.2,0,fresh,2024-01-01T00:00:00,False,
583998c3-118a-e766-a644-eef94ce37f25,61208c78-77a4-4c8b-ab0a-6dc927668d5d,2024-01-01T00:00:00,5,0,0.975,13.7,0,fresh,2024-01-01T00:00:00,False,
eb95cb05-a27f-4633-4388-908c949d8650,51b78c0a-d6bd-5fe2-b0f9-34c05e502a90,2024-01-01T00:00:00,4,1,0.529,14.5,0,fresh,2024-01-01T00:00:00,False,
8120d4d4-3a07-86dc-210c-215b4274892b,2ffe92e1-5059-857f-6192-acf7ede1bb2c,2024-01-01T00:00:00,1,1,0.828,11.4,0,fresh,2024-01-01T00:00:00,False,
1aa31aa9-d4ef-cb6a-0cc3-515d48f9a5ed,52991bcd-d43f-5ee3-35ec-60dc1485183c,2024-01-01T00:00:00,2,0,0.947,5.0,0,fresh,2024-01-01T00:00:00,False,
60519da5-cf3e-347f-e037-4667508c12b6,eba7c09f-332a-0819-3b85-bb975828bb06,2024-01-01T00:00:00,5,1,0.836,7.0,0,fresh,2024-01-01T00:00:00,False,
1438e19e-19f5-79a6-e1d6-e97714782bc0,e5f78ea0-8785-0abc-ada9-b5f6418151a2,2024-01-01T00:00:00,13,6,0.299,15.8,0,fresh,2024-01-01T00:00:00,True,patch_noncompliance_cluster
bea86a7e-9b15-0ced-fd9d-c9142552a938,bc9d223f-4922-57d9-9bf6-3ec4d6c7a45a,2024-01-01T00:00:00,8,4,0.291,55.2,0,fresh,2024-01-01T00:00:00,True,patch_noncompliance_cluster
d03bc464-0a46-de58-2be2-79b8870df5a1,b3f4b408-95a2-2f5e-0fc4-0dd7db86e741,2024-01-01T00:00:00,12,5,0.243,18.9,0,fresh,2024-01-01T00:00:00,True,patch_noncompliance_cluster
6c9cba7e-0f25-1b66-8ebf-73eaae579dc5,eca17090-0a4a-d8c0-00ee-5f4a6752137e,2024-01-01T00:00:00,8,5,0.179,131.5,0,fresh,2024-01-01T00:00:00,True,patch_noncompliance_cluster
234bf6c8-0add-89c3-c372-a780a29e3420,f8745594-a08d-6c1d-4d51-1c3632afb38b,2024-01-01T00:00:00,12,3,0.262,6.7,0,fresh,2024-01-01T00:00:00,True,patch_noncompliance_cluster
10221c30-7c3d-aac4-f4dc-ba194fe2ad25,ca2da460-ead0-7051-e84a-66d3b1cd5f8d,2024-01-01T00:00:00,6,3,0.374,12.4,0,fresh,2024-01-01T00:00:00,True,patch_noncompliance_cluster
6ea1a406-e83d-44b5-6f74-566bc450922b,9018ed04-d66b-457d-513b-5ce51e2033a2,2024-01-01T00:00:00,7,3,0.181,5.2,0,fresh,2024-01-01T00:00:00,True,patch_noncompliance_cluster
52fc0551-900b-a100-74de-463a7a17fdc6,f461707b-2653-98c2-f617-397b34d42102,2024-01-01T00:00:00,12,6,0.342,9.9,0,fresh,2024-01-01T00:00:00,True,patch_noncompliance_cluster
73444654-5fe2-c18a-dd49-9ab5edd0ca5d,f1750755-e7e4-fed3-af4d-f7bc42499813,2024-01-01T00:00:00,2,0,0.953,10.1,0,fresh,2024-01-01T00:00:00,False,
d2c4f0e5-f065-8691-25b4-32cd5d5116ee,f9b98b60-2f39-0f52-7421-a11c4a6f8659,2024-01-01T00:00:00,2,1,0.688,9.6,0,fresh,2024-01-01T00:00:00,False,
fcb89ee5-a60b-c707-1e25-fba1fa254b4e,07d24494-4516-36fa-02be-ca5d9ea54224,2024-01-01T00:00:00,1,0,0.775,9.9,0,fresh,2024-01-01T00:00:00,False,
a76e0977-09c5-9500-8615-3de86cc0360c,6b9e77a7-b9cb-e29f-5270-6acdf7b8a050,2024-01-01T00:00:00,5,3,0.794,3.7,0,fresh,2024-01-01T00:00:00,False,
7912c93b-cb42-9b22-7950-d3698741bb33,d7db54dc-fd59-ac1d-b8ee-dbaad818daac,2024-01-01T00:00:00,1,0,0.96,16.2,0,fresh,2024-01-01T00:00:00,False,
