method,k,metric,mean,ci_lo,ci_hi
EPSS-only,50,mwp,0.2488,0.2312,0.2632
EPSS-only,50,pblind,0.2272,0.2112,0.2424
EPSS-only,50,cwer,0.7559,0.7429,0.7697
EPSS-only,50,ndcg,0.3504,0.326,0.3718
EPSS-only,100,mwp,0.2468,0.23,0.2596
EPSS-only,100,pblind,0.2196,0.2084,0.2328
EPSS-only,100,cwer,0.9034,0.892,0.9152
EPSS-only,100,ndcg,0.558,0.5347,0.5827
EPSS-only,250,mwp,0.1253,0.1158,0.1339
EPSS-only,250,pblind,0.111,0.1043,0.1168
EPSS-only,250,cwer,1.0,1.0,1.0
EPSS-only,250,ndcg,0.6575,0.6329,0.6789
CVSS-only,50,mwp,0.0096,0.0056,0.0152
CVSS-only,50,pblind,0.004,0.0008,0.0072
CVSS-only,50,cwer,0.0219,0.0156,0.0288
CVSS-only,50,ndcg,0.011,0.0058,0.0179
CVSS-only,100,mwp,0.01,0.006,0.0136
CVSS-only,100,pblind,0.0052,0.0028,0.0072
CVSS-only,100,cwer,0.0287,0.0231,0.0349
CVSS-only,100,ndcg,0.0198,0.0126,0.0279
CVSS-only,250,mwp,0.0091,0.0069,0.0114
CVSS-only,250,pblind,0.0075,0.0056,0.0096
CVSS-only,250,cwer,0.0676,0.0601,0.0761
CVSS-only,250,ndcg,0.0391,0.0296,0.0493
Random,50,mwp,0.0128,0.0072,0.0208
Random,50,pblind,0.0096,0.0048,0.016
Random,50,cwer,0.0321,0.0254,0.0389
Random,50,ndcg,0.0202,0.0106,0.034
Random,100,mwp,0.0112,0.0072,0.0156
Random,100,pblind,0.0072,0.004,0.0108
Random,100,cwer,0.037,0.0312,0.0427
Random,100,ndcg,0.0279,0.0178,0.0425
Random,250,mwp,0.0117,0.0093,0.0141
Random,250,pblind,0.007,0.0053,0.009
Random,250,cwer,0.0809,0.074,0.0891
Random,250,ndcg,0.0531,0.0421,0.0661
HRS-only,50,mwp,0.0096,0.0048,0.016
HRS-only,50,pblind,0.044,0.0344,0.0528
HRS-only,50,cwer,0.0345,0.0271,0.0439
HRS-only,50,ndcg,0.0133,0.0066,0.0224
HRS-only,100,mwp,0.0076,0.0044,0.0112
HRS-only,100,pblind,0.0332,0.028,0.0384
HRS-only,100,cwer,0.0313,0.0262,0.0372
HRS-only,100,ndcg,0.0184,0.0113,0.0289
HRS-only,250,mwp,0.009,0.0064,0.0117
HRS-only,250,pblind,0.0362,0.0323,0.0406
HRS-only,250,cwer,0.0731,0.0655,0.0831
HRS-only,250,ndcg,0.0392,0.0285,0.0537
Context-only,50,mwp,0.0528,0.0392,0.0656
Context-only,50,pblind,0.0184,0.0128,0.0272
Context-only,50,cwer,0.0742,0.0561,0.0924
Context-only,50,ndcg,0.0938,0.0681,0.123
Context-only,100,mwp,0.0508,0.042,0.0604
Context-only,100,pblind,0.0152,0.0112,0.0192
Context-only,100,cwer,0.0813,0.068,0.0973
Context-only,100,ndcg,0.1363,0.1067,0.1713
Context-only,250,mwp,0.0427,0.0371,0.0482
Context-only,250,pblind,0.0117,0.009,0.015
Context-only,250,cwer,0.1383,0.1222,0.1571
Context-only,250,ndcg,0.2159,0.1837,0.2512
HygienePrio,50,mwp,0.2552,0.2368,0.2712
HygienePrio,50,pblind,0.2856,0.2624,0.3064
HygienePrio,50,cwer,0.7591,0.7449,0.7721
HygienePrio,50,ndcg,0.3392,0.3132,0.363
HygienePrio,100,mwp,0.2052,0.19,0.2196
HygienePrio,100,pblind,0.2484,0.234,0.2612
HygienePrio,100,cwer,0.737,0.7231,0.7535
HygienePrio,100,ndcg,0.471,0.445,0.4946
HygienePrio,250,mwp,0.0997,0.0915,0.1066
HygienePrio,250,pblind,0.111,0.1043,0.1168
HygienePrio,250,cwer,0.7779,0.7635,0.7891
HygienePrio,250,ndcg,0.5338,0.5102,0.5587
CAP-G-full,50,mwp,0.3504,0.3264,0.3752
CAP-G-full,50,pblind,0.2864,0.2656,0.3024
CAP-G-full,50,cwer,0.8137,0.7977,0.8271
CAP-G-full,50,ndcg,0.6132,0.59,0.6353
CAP-G-full,100,mwp,0.2352,0.2164,0.2524
CAP-G-full,100,pblind,0.2024,0.1868,0.2164
CAP-G-full,100,cwer,0.6718,0.6551,0.694
CAP-G-full,100,ndcg,0.7155,0.6928,0.7334
CAP-G-full,250,mwp,0.1066,0.0987,0.1136
CAP-G-full,250,pblind,0.0982,0.0922,0.1037
CAP-G-full,250,cwer,0.7207,0.703,0.7341
CAP-G-full,250,ndcg,0.7617,0.7437,0.7778
CAP-G-noCrit,50,mwp,0.3104,0.2872,0.3352
CAP-G-noCrit,50,pblind,0.28,0.2592,0.2989
CAP-G-noCrit,50,cwer,0.7614,0.7311,0.7808
CAP-G-noCrit,50,ndcg,0.5186,0.4869,0.5435
CAP-G-noCrit,100,mwp,0.202,0.1852,0.218
CAP-G-noCrit,100,pblind,0.1876,0.176,0.1984
CAP-G-noCrit,100,cwer,0.6184,0.5999,0.6384
CAP-G-noCrit,100,ndcg,0.5991,0.5651,0.6272
CAP-G-noCrit,250,mwp,0.0976,0.0891,0.1053
CAP-G-noCrit,250,pblind,0.093,0.0874,0.0981
CAP-G-noCrit,250,cwer,0.6769,0.6602,0.6933
CAP-G-noCrit,250,ndcg,0.6592,0.63,0.6833
CAP-G-noZone,50,mwp,0.3568,0.3288,0.3856
CAP-G-noZone,50,pblind,0.284,0.2624,0.3
CAP-G-noZone,50,cwer,0.7936,0.7768,0.809
CAP-G-noZone,50,ndcg,0.6043,0.5763,0.6279
CAP-G-noZone,100,mwp,0.222,0.2048,0.2388
CAP-G-noZone,100,pblind,0.188,0.1736,0.2024
CAP-G-noZone,100,cwer,0.6284,0.6102,0.6492
CAP-G-noZone,100,ndcg,0.6782,0.6544,0.6991
CAP-G-noZone,250,mwp,0.105,0.097,0.1128
CAP-G-noZone,250,pblind,0.0928,0.087,0.0974
CAP-G-noZone,250,cwer,0.6941,0.675,0.7124
CAP-G-noZone,250,ndcg,0.7369,0.7148,0.7554
CAP-G-noSens,50,mwp,0.3656,0.336,0.3936
CAP-G-noSens,50,pblind,0.2848,0.2624,0.3008
CAP-G-noSens,50,cwer,0.8024,0.7862,0.8168
CAP-G-noSens,50,ndcg,0.6248,0.5981,0.6486
CAP-G-noSens,100,mwp,0.23,0.2112,0.2476
CAP-G-noSens,100,pblind,0.194,0.1796,0.2076
CAP-G-noSens,100,cwer,0.6404,0.6205,0.6611
CAP-G-noSens,100,ndcg,0.7049,0.6833,0.7223
CAP-G-noSens,250,mwp,0.1069,0.099,0.1134
CAP-G-noSens,250,pblind,0.0955,0.0891,0.1013
CAP-G-noSens,250,cwer,0.6988,0.6867,0.7111
CAP-G-noSens,250,ndcg,0.7604,0.744,0.7763
CAP-G-hwm,50,mwp,0.3232,0.3008,0.3448
CAP-G-hwm,50,pblind,0.3008,0.2832,0.3184
CAP-G-hwm,50,cwer,0.8008,0.7852,0.8158
CAP-G-hwm,50,ndcg,0.5065,0.4757,0.5374
CAP-G-hwm,100,mwp,0.2228,0.2064,0.238
CAP-G-hwm,100,pblind,0.2012,0.1888,0.212
CAP-G-hwm,100,cwer,0.6691,0.651,0.6884
CAP-G-hwm,100,ndcg,0.6102,0.5817,0.6348
CAP-G-hwm,250,mwp,0.1034,0.0952,0.1107
CAP-G-hwm,250,pblind,0.0963,0.0904,0.1016
CAP-G-hwm,250,cwer,0.7087,0.696,0.7207
CAP-G-hwm,250,ndcg,0.6605,0.6341,0.683
